{
  "baseline_top1": 0.5564679456493722,
  "experiments": {
    "baseline": {
      "top1": 0.5564679456493722
    },
    "exp1": {
      "top1": 0.5463416430386272
    },
    "exp2": {
      "top1": 0.5451633096439223
    },
    "exp1p2": {
      "top1": 0.5331590381853666
    },
    "exp4": {
      "top1": 0.005192031520418308
    },
    "exp4p1": {
      "top1": 0.005965312810693376
    },
    "control_a": {
      "top1": 0.5535589350811946
    },
    "control_b": {
      "top1": 0.5341409826809539
    }
  }
}