{
  "method": "permutation_sampling",
  "n_permutations": 400,
  "n_samples": 3000,
  "shapley_values": {
    "0": -0.014076388888888914,
    "1": -0.012755833333333327,
    "2": -0.012561944444444452,
    "3": -0.015694166666666665,
    "4": -0.011080833333333326,
    "5": -0.01017166666666667,
    "6": -0.00878333333333331,
    "7": -0.002722222222222224,
    "8": 0.014361944444444434,
    "9": 0.041172777777777725,
    "10": 0.1062438888888889,
    "11": 0.27506777777777797
  },
  "ranking": [
    "11",
    "10",
    "9",
    "8",
    "7",
    "6",
    "5",
    "4",
    "2",
    "1",
    "0",
    "3"
  ],
  "description": "Approximate Shapley value via random permutation sampling. Value = average marginal contribution of each layer across 400 random orderings."
}