{
  "test_acc": 0.5068306513974298,
  "baseline_accuracy": 0.5077144014434584,
  "delta": -0.0008837500460285863,
  "learned_weights": {
    "layer_8": 0.0010958514176309109,
    "layer_9": 0.009580978192389011,
    "layer_10": 0.02515924908220768,
    "layer_11": 0.9641639590263367
  },
  "layers_used": [
    8,
    9,
    10,
    11
  ],
  "epochs": 50
}